driverId,driverRef,forename,surname,dob,nationality
1,hamilton,Lewis,Hamilton,07-01-1985,British
2,heidfeld,Nick,Heidfeld,10-05-1977,German
3,rosberg,Nico,Rosberg,27-06-1985,German
4,alonso,Fernando,Alonso,29-07-1981,Spanish
5,kovalainen,Heikki,Kovalainen,19-10-1981,Finnish
6,nakajima,Kazuki,Nakajima,11-01-1985,Japanese
7,bourdais,Sebastian,Bourdais,28-02-1979,French
8,raikkonen,Kimi,Raikkonen,17-10-1979,Finnish
9,kubica,Robert,Kubica,07-12-1984,Polish
10,glock,Timo,Glock,18-03-1982,German
11,sato,Takuma,Sato,28-01-1977,Japanese
12,piquet_jr,Nelson,Piquet Jr.,25-07-1985,Brazilian
13,massa,Felipe,Massa,25-04-1981,Brazilian
14,coulthard,David,Coulthard,27-03-1971,British
15,trulli,Jarno,Trulli,13-07-1974,Italian
16,sutil,Adrian,Sutil,11-01-1983,German
17,webber,Mark,Webber,27-08-1976,Australian
18,button,Jenson,Button,19-01-1980,British
19,davidson,Anthony,Davidson,18-04-1979,British
20,vettel,Sebastian,Vettel,03-07-1987,German
21,fisichella,Giancarlo,Fisichella,14-01-1973,Italian
22,barrichello,Rubens,Barrichello,23-05-1972,Brazilian
23,ralf_schumacher,Ralf,Schumacher,30-06-1975,German
24,liuzzi,Vitantonio,Liuzzi,06-08-1980,Italian
25,wurz,Alexander,Wurz,15-02-1974,Austrian
26,speed,Scott,Speed,24-01-1983,American
27,albers,Christijan,Albers,16-04-1979,Dutch
28,markus_winkelhock,Markus,Winkelhock,13-06-1980,German
29,yamamoto,Sakon,Yamamoto,09-07-1982,Japanese
30,michael_schumacher,Michael,Schumacher,03-01-1969,German
31,montoya,Juan,Pablo Montoya,20-09-1975,Colombian
32,klien,Christian,Klien,07-02-1983,Austrian
33,monteiro,Tiago,Monteiro,24-07-1976,Portuguese
34,ide,Yuji,Ide,21-01-1975,Japanese
35,villeneuve,Jacques,Villeneuve,09-04-1971,Canadian
36,montagny,Franck,Montagny,05-01-1978,French
37,rosa,Pedro,de la Rosa,24-02-1971,Spanish
38,doornbos,Robert,Doornbos,23-09-1981,Dutch
39,karthikeyan,Narain,Karthikeyan,14-01-1977,Indian
40,friesacher,Patrick,Friesacher,26-09-1980,Austrian
41,zonta,Ricardo,Zonta,23-03-1976,Brazilian
42,pizzonia,Antonio,Pizzonia,11-09-1980,Brazilian
43,matta,Cristiano,da Matta,19-09-1973,Brazilian
44,panis,Olivier,Panis,02-09-1966,French
45,pantano,Giorgio,Pantano,04-02-1979,Italian
46,bruni,Gianmaria,Bruni,30-05-1981,Italian
47,baumgartner,Zsolt,Baumgartner,01-01-1981,Hungarian
48,gene,Marc,Gene,29-03-1974,Spanish
49,frentzen,Heinz-Harald,Frentzen,18-05-1967,German
50,verstappen,Jos,Verstappen,04-03-1972,Dutch
51,wilson,Justin,Wilson,31-07-1978,British
52,firman,Ralph,Firman,20-05-1975,Irish
53,kiesa,Nicolas,Kiesa,03-03-1978,Danish
54,burti,Luciano,Burti,05-03-1975,Brazilian
55,alesi,Jean,Alesi,11-06-1964,French
56,irvine,Eddie,Irvine,10-11-1965,British
57,hakkinen,Mika,Hakkinen,28-09-1968,Finnish
58,marques,Tarso,Marques,19-01-1976,Brazilian
59,bernoldi,Enrique,Bernoldi,19-10-1978,Brazilian
60,mazzacane,Gaston,Mazzacane,08-05-1975,Argentine
61,enge,Tomas,Enge,11-09-1976,Czech
62,yoong,Alex,Yoong,20-07-1976,Malaysian
63,salo,Mika,Salo,30-11-1966,Finnish
64,diniz,Pedro,Diniz,22-05-1970,Brazilian
65,herbert,Johnny,Herbert,25-06-1964,British
66,mcnish,Allan,McNish,29-12-1969,British
67,buemi,Sebastian,Buemi,31-10-1988,Swiss
68,takagi,Toranosuke,Takagi,12-02-1974,Japanese
69,badoer,Luca,Badoer,25-01-1971,Italian
70,zanardi,Alessandro,Zanardi,23-10-1966,Italian
71,damon_hill,Damon,Hill,17-09-1960,British
72,sarrazin,Stephane,Sarrazin,02-11-1975,French
73,rosset,Ricardo,Rosset,27-07-1968,Brazilian
74,tuero,Esteban,Tuero,22-04-1978,Argentine
75,nakano,Shinji,Nakano,01-04-1971,Japanese
76,magnussen,Jan,Magnussen,04-07-1973,Danish
77,berger,Gerhard,Berger,27-08-1959,Austrian
78,larini,Nicola,Larini,19-03-1964,Italian
79,katayama,Ukyo,Katayama,29-05-1963,Japanese
80,sospiri,Vincenzo,Sospiri,07-10-1966,Italian
81,morbidelli,Gianni,Morbidelli,13-01-1968,Italian
82,fontana,Norberto,Fontana,20-01-1975,Argentine
83,lamy,Pedro,Lamy,20-03-1972,Portuguese
84,brundle,Martin,Brundle,01-06-1959,British
85,montermini,Andrea,Montermini,30-05-1964,Italian
86,lavaggi,Giovanni,Lavaggi,18-02-1958,Italian
87,blundell,Mark,Blundell,08-04-1966,British
88,suzuki,Aguri,Suzuki,08-09-1960,Japanese
89,inoue,Taki,Inoue,05-09-1963,Japanese
90,moreno,Roberto,Moreno,11-02-1959,Brazilian
91,wendlinger,Karl,Wendlinger,20-12-1968,Austrian
92,gachot,Bertrand,Gachot,23-12-1962,Belgian
93,schiattarella,Domenico,Schiattarella,17-11-1967,Italian
94,martini,Pierluigi,Martini,23-04-1961,Italian
95,mansell,Nigel,Mansell,08-08-1953,British
96,boullion,Jean-Christophe,Boullion,27-12-1969,French
97,papis,Massimiliano,Papis,03-10-1969,Italian
98,deletraz,Jean-Denis,Deletraz,01-10-1963,Swiss
99,tarquini,Gabriele,Tarquini,02-03-1962,Italian
100,comas,Erik,Comas,28-09-1963,French
101,brabham,David,Brabham,05-09-1965,Australian
102,senna,Ayrton,Senna,21-03-1960,Brazilian
103,bernard,Eric,Bernard,24-08-1964,French
104,fittipaldi,Christian,Fittipaldi,18-01-1971,Brazilian
105,alboreto,Michele,Alboreto,23-12-1956,Italian
106,beretta,Olivier,Beretta,23-11-1969,Monegasque
107,ratzenberger,Roland,Ratzenberger,04-07-1960,Austrian
108,belmondo,Paul,Belmondo,23-04-1963,French
109,lehto,Jyrki,Järvilehto,31-01-1966,Finnish
110,cesaris,Andrea,de Cesaris,31-05-1959,Italian
111,gounon,Jean-Marc,Gounon,01-01-1963,French
112,alliot,Philippe,Alliot,27-07-1954,French
113,adams,Philippe,Adams,19-11-1969,Belgian
114,dalmas,Yannick,Dalmas,28-07-1961,French
115,noda,Hideki,Noda,07-03-1969,Japanese
116,lagorce,Franck,Lagorce,01-09-1968,French
117,prost,Alain,Prost,24-02-1955,French
118,warwick,Derek,Warwick,27-08-1954,British
119,patrese,Riccardo,Patrese,17-04-1954,Italian
120,barbazza,Fabrizio,Barbazza,02-04-1963,Italian
121,andretti,Michael,Andretti,05-10-1962,American
122,capelli,Ivan,Capelli,24-05-1963,Italian
123,boutsen,Thierry,Boutsen,13-07-1957,Belgian
124,apicella,Marco,Apicella,07-10-1965,Italian
125,naspetti,Emanuele,Naspetti,24-02-1968,Italian
126,toshio_suzuki,Toshio,Suzuki,10-03-1955,Japanese
127,gugelmin,Maurício,Gugelmin,20-04-1963,Brazilian
128,poele,Eric,van de Poele,30-09-1961,Belgian
129,grouillard,Olivier,Grouillard,02-09-1958,French
130,chiesa,Andrea,Chiesa,06-05-1964,Swiss
131,modena,Stefano,Modena,12-05-1963,Italian
132,amati,Giovanna,Amati,20-07-1959,Italian
133,caffi,Alex,Caffi,18-03-1964,Italian
134,bertaggia,Enrico,Bertaggia,19-09-1964,Italian
135,mccarthy,Perry,McCarthy,03-03-1961,British
136,lammers,Jan,Lammers,02-06-1956,Dutch
137,piquet,Nelson,Piquet,17-08-1952,Brazilian
138,satoru_nakajima,Satoru,Nakajima,23-02-1953,Japanese
139,pirro,Emanuele,Pirro,12-01-1962,Italian
140,johansson,Stefan,Johansson,08-09-1956,Swedish
141,bailey,Julian,Bailey,09-10-1961,British
142,chaves,Pedro,Chaves,27-02-1965,Portuguese
143,bartels,Michael,Bartels,08-03-1968,German
144,hattori,Naoki,Hattori,13-06-1966,Japanese
145,nannini,Alessandro,Nannini,07-07-1959,Italian
146,schneider,Bernd,Schneider,20-07-1964,German
147,barilla,Paolo,Barilla,20-04-1961,Italian
148,foitek,Gregor,Foitek,27-03-1965,Swiss
149,langes,Claudio,Langes,20-07-1960,Italian
150,gary_brabham,Gary,Brabham,29-03-1961,Australian
151,donnelly,Martin,Donnelly,26-03-1964,British
152,giacomelli,Bruno,Giacomelli,10-09-1952,Italian
153,alguersuari,Jaime,Alguersuari,23-03-1990,Spanish
154,grosjean,Romain,Grosjean,17-04-1986,French
155,kobayashi,Kamui,Kobayashi,13-09-1986,Japanese
156,palmer,Jonathan,Palmer,07-11-1956,British
157,danner,Christian,Danner,04-04-1958,German
158,cheever,Eddie,Cheever,10-01-1958,American
159,sala,Luis,Sala,15-05-1959,Spanish
160,ghinzani,Piercarlo,Ghinzani,16-01-1952,Italian
161,weidler,Volker,Weidler,18-03-1962,German
162,raphanel,Pierre-Henri,Raphanel,27-05-1961,French
163,arnoux,Rene,Arnoux,04-07-1948,French
164,joachim_winkelhock,Joachim,Winkelhock,24-10-1960,German
165,larrauri,Oscar,Larrauri,19-08-1954,Argentine
166,streiff,Philippe,Streiff,26-06-1955,French
167,campos,Adrian,Campos,17-06-1960,Spanish
168,schlesser,Jean-Louis,Schlesser,12-09-1948,French
169,fabre,Pascal,Fabre,09-01-1960,French
170,fabi,Teo,Fabi,09-03-1955,Italian
171,forini,Franco,Forini,22-09-1958,Swiss
172,laffite,Jacques,Laffite,21-11-1943,French
173,angelis,Elio,de Angelis,26-03-1958,Italian
174,dumfries,Johnny,Dumfries,26-04-1958,British
175,tambay,Patrick,Tambay,25-06-1949,French
176,surer,Marc,Surer,18-09-1951,Swiss
177,keke_rosberg,Keke,Rosberg,06-12-1948,Finnish
178,jones,Alan,Jones,02-11-1946,Australian
179,rothengatter,Huub,Rothengatter,08-10-1954,Dutch
180,berg,Allen,Berg,01-08-1961,Canadian
181,manfred_winkelhock,Manfred,Winkelhock,06-10-1951,German
182,lauda,Niki,Lauda,22-02-1949,Austrian
183,hesnault,Francois,Hesnault,30-12-1956,French
184,baldi,Mauro,Baldi,31-01-1954,Italian
185,bellof,Stefan,Bellof,20-11-1957,German
186,acheson,Kenny,Acheson,27-11-1957,British
187,watson,John,Watson,04-05-1946,British
188,cecotto,Johnny,Cecotto,25-01-1956,Venezuelan
189,gartner,Jo,Gartner,24-01-1954,Austrian
190,corrado_fabi,Corrado,Fabi,12-04-1961,Italian
191,thackwell,Mike,Thackwell,30-03-1961,New Zealander
192,serra,Chico,Serra,03-02-1957,Brazilian
193,sullivan,Danny,Sullivan,09-03-1950,American
194,salazar,Eliseo,Salazar,14-11-1954,Chilean
195,guerrero,Roberto,Guerrero,16-11-1958,Colombian
196,boesel,Raul,Boesel,04-12-1957,Brazilian
197,jarier,Jean-Pierre,Jarier,10-07-1946,French
198,villeneuve_sr,Jacques,Villeneuve Sr.,04-11-1953,Canadian
199,reutemann,Carlos,Reutemann,12-04-1942,Argentine
200,mass,Jochen,Mass,30-09-1946,German
201,borgudd,Slim,Borgudd,25-11-1946,Swedish
202,pironi,Didier,Pironi,26-03-1952,French
203,gilles_villeneuve,Gilles,Villeneuve,18-01-1950,Canadian
204,paletti,Riccardo,Paletti,15-06-1958,Italian
205,henton,Brian,Henton,19-09-1946,British
206,daly,Derek,Daly,11-03-1953,Irish
207,mario_andretti,Mario,Andretti,28-02-1940,American
208,villota,Emilio,de Villota,26-07-1946,Spanish
209,lees,Geoff,Lees,01-05-1951,British
210,byrne,Tommy,Byrne,06-05-1958,Irish
211,keegan,Rupert,Keegan,26-02-1955,British
212,rebaque,Hector,Rebaque,05-02-1956,Mexican
213,gabbiani,Beppe,Gabbiani,02-01-1957,Italian
214,cogan,Kevin,Cogan,31-03-1956,American
215,guerra,Miguel Ángel,Guerra,31-08-1953,Argentine
216,stohr,Siegfried,Stohr,10-10-1952,Italian
217,zunino,Ricardo,Zunino,13-04-1949,Argentine
218,londono,Ricardo,Londoño,08-08-1949,Colombian
219,jabouille,Jean-Pierre,Jabouille,01-10-1942,French
220,francia,Giorgio,Francia,08-11-1947,Italian
221,depailler,Patrick,Depailler,09-08-1944,French
222,scheckter,Jody,Scheckter,29-01-1950,South African
223,regazzoni,Clay,Regazzoni,05-09-1939,Swiss
224,emerson_fittipaldi,Emerson,Fittipaldi,12-12-1946,Brazilian
225,kennedy,Dave,Kennedy,15-01-1953,Irish
226,south,Stephen,South,19-02-1952,British
227,needell,Tiff,Needell,29-10-1951,British
228,desire_wilson,Desire,Wilson,26-11-1953,South African
229,ertl,Harald,Ertl,31-08-1948,Austrian
230,brambilla,Vittorio,Brambilla,11-11-1937,Italian
231,hunt,James,Hunt,29-08-1947,British
232,merzario,Arturo,Merzario,11-03-1943,Italian
233,stuck,Hans-Joachim,Stuck,01-01-1951,German
234,brancatelli,Gianfranco,Brancatelli,18-01-1950,Italian
235,ickx,Jacky,Ickx,01-01-1945,Belgian
236,gaillard,Patrick,Gaillard,12-02-1952,French
237,ribeiro,Alex,Ribeiro,07-11-1948,Brazilian
238,peterson,Ronnie,Peterson,14-02-1944,Swedish
239,lunger,Brett,Lunger,14-11-1945,American
240,ongais,Danny,Ongais,21-05-1942,American
241,leoni,Lamberto,Leoni,24-05-1953,Italian
242,galica,Divina,Galica,13-08-1944,British
243,stommelen,Rolf,Stommelen,11-07-1943,German
244,colombo,Alberto,Colombo,23-02-1946,Italian
245,trimmer,Tony,Trimmer,24-01-1943,British
246,binder,Hans,Binder,12-06-1948,Austrian
247,bleekemolen,Michael,Bleekemolen,02-10-1949,Dutch
248,gimax,Carlo,Franchi,01-01-1938,Italian
249,rahal,Bobby,Rahal,10-01-1953,American
250,pace,Carlos,Pace,06-10-1944,Brazilian
251,ian_scheckter,Ian,Scheckter,22-08-1947,South African
252,pryce,Tom,Pryce,11-06-1949,British
253,hoffmann,Ingo,Hoffmann,28-02-1953,Brazilian
254,zorzi,Renzo,Zorzi,12-12-1946,Italian
255,nilsson,Gunnar,Nilsson,20-11-1948,Swedish
256,perkins,Larry,Perkins,18-03-1950,Australian
257,hayje,Boy,Lunger,03-05-1949,Dutch
258,neve,Patrick,Neve,13-10-1949,Belgian
259,purley,David,Purley,26-01-1945,British
260,andersson,Conny,Andersson,28-12-1939,Swedish
261,dryver,Bernard,de Dryver,19-09-1952,Belgian
262,oliver,Jackie,Oliver,14-08-1942,British
263,kozarowitzky,Mikko,Kozarowitzky,17-05-1948,Finnish
264,sutcliffe,Andy,Sutcliffe,09-05-1947,British
265,edwards,Guy,Edwards,30-12-1942,British
266,mcguire,Brian,McGuire,13-12-1945,Australian
267,schuppan,Vern,Schuppan,19-03-1943,Australian
268,heyer,Hans,Heyer,16-03-1943,German
269,pilette,Teddy,Pilette,26-07-1942,Belgian
270,ashley,Ian,Ashley,26-10-1947,British
271,kessel,Loris,Kessel,01-04-1950,Swiss
272,takahashi,Kunimitsu,Takahashi,29-01-1940,Japanese
273,hoshino,Kazuyoshi,Hoshino,01-07-1947,Japanese
274,takahara,Noritake,Takahara,06-06-1951,Japanese
275,lombardi,Lella,Lombardi,26-03-1941,Italian
276,evans,Bob,Evans,11-06-1947,British
277,leclere,Michel,Leclere,18-03-1946,French
278,amon,Chris,Amon,20-07-1943,New Zealander
279,zapico,Emilio,Zapico,27-05-1944,Spanish
280,pescarolo,Henri,Pescarolo,25-09-1942,French
281,nelleman,Jac,Nelleman,19-04-1944,Danish
282,magee,Damien,Magee,17-11-1945,British
283,wilds,Mike,Wilds,07-01-1946,British
284,pesenti_rossi,Alessandro,Pesenti-Rossi,31-08-1942,Italian
285,stuppacher,Otto,Stuppacher,03-03-1947,Austrian
286,brown,Warwick,Brown,24-12-1949,Australian
287,hasemi,Masahiro,Hasemi,13-11-1945,Japanese
288,donohue,Mark,Donohue,18-03-1937,American
289,hill,Graham,Hill,15-02-1929,British
290,wilson_fittipaldi,Wilson,Fittipaldi,25-12-1943,Brazilian
291,tunmer,Guy,Tunmer,01-12-1948,South African
292,keizan,Eddie,Keizan,12-09-1944,South African
293,charlton,Dave,Charlton,27-10-1936,South African
294,brise,Tony,Brise,28-03-1952,British
295,wunderink,Roelof,Wunderink,12-12-1948,Dutch
296,migault,Francois,Migault,04-12-1944,French
297,palm,Torsten,Palm,23-07-1947,Swedish
298,lennep,Gijs,van Lennep,16-03-1942,Dutch
299,fushida,Hiroshi,Fushida,10-03-1946,Japanese
300,nicholson,John,Nicholson,06-10-1941,New Zealander
301,morgan,Dave,Morgan,07-08-1944,British
302,crawford,Jim,Crawford,13-02-1948,British
303,vonlanthen,Jo,Vonlanthen,31-05-1942,Swiss
304,hulme,Denny,Hulme,18-06-1936,New Zealander
305,hailwood,Mike,Hailwood,02-04-1940,British
306,beltoise,Jean-Pierre,Beltoise,26-04-1937,French
307,ganley,Howden,Ganley,24-12-1941,New Zealander
308,robarts,Richard,Robarts,22-09-1944,British
309,revson,Peter,Revson,27-02-1939,American
310,driver,Paddy,Driver,13-05-1934,South African
311,belso,Tom,Belso,27-08-1942,Danish
312,redman,Brian,Redman,09-03-1937,British
313,opel,Rikky,von Opel,14-10-1947,Liechtensteiner
314,schenken,Tim,Schenken,26-09-1943,Australian
315,larrousse,Gerard,Larrousse,23-05-1940,French
316,kinnunen,Leo,Kinnunen,05-08-1943,Finnish
317,wisell,Reine,Wisell,30-09-1941,Swedish
318,roos,Bertil,Roos,12-10-1943,Swedish
319,dolhem,Jose,Dolhem,26-04-1944,French
320,gethin,Peter,Gethin,21-02-1940,British
321,bell,Derek,Bell,31-10-1941,British
322,hobbs,David,Hobbs,09-06-1939,British
323,quester,Dieter,Quester,30-05-1939,Austrian
324,koinigg,Helmuth,Koinigg,03-11-1948,Austrian
325,facetti,Carlo,Facetti,26-06-1935,Italian
326,wietzes,Eppie,Wietzes,28-05-1938,Canadian
327,cevert,Francois,Cevert,25-02-1944,French
328,stewart,Jackie,Stewart,11-06-1939,British
329,beuttler,Mike,Beuttler,13-04-1940,British
330,galli,Nanni,Galli,02-10-1940,Italian
331,bueno,Luiz,Bueno,16-01-1937,Brazilian
332,follmer,George,Follmer,27-01-1934,American
333,adamich,Andrea,de Adamich,03-10-1941,Italian
334,pretorius,Jackie,Pretorius,22-11-1934,South African
335,williamson,Roger,Williamson,02-02-1948,British
336,mcrae,Graham,McRae,05-03-1940,New Zealander
337,marko,Helmut,Marko,27-04-1943,Austrian
338,walker,David,Walker,10-06-1941,Australian
339,roig,Alex,Soler-Roig,29-10-1932,Spanish
340,love,John,Love,07-12-1924,Rhodesian
341,surtees,John,Surtees,11-02-1934,British
342,barber,Skip,Barber,16-11-1936,American
343,brack,Bill,Brack,26-12-1935,Canadian
344,posey,Sam,Posey,26-05-1944,American
345,rodriguez,Pedro,Rodriguez,18-01-1940,Mexican
346,siffert,Jo,Siffert,07-07-1936,Swiss
347,bonnier,Jo,Bonnier,31-01-1930,Swedish
348,mazet,Francois,Mazet,24-02-1943,French
349,jean,Max,Jean,27-07-1943,French
350,elford,Vic,Elford,10-06-1935,British
351,moser,Silvio,Moser,24-04-1941,Swiss
352,eaton,George,Eaton,12-11-1945,Canadian
353,lovely,Pete,Lovely,11-04-1926,American
354,craft,Chris,Craft,17-11-1939,British
355,Cannoc,John,Cannon,21-06-1933,Canadian
356,jack_brabham,Jack,Brabham,02-04-1926,Australian
357,miles,John,Miles,14-06-1943,British
358,rindt,Jochen,Rindt,18-04-1942,Austrian
359,gavin,Johnny,Servoz-Gavin,18-01-1942,French
360,mclaren,Bruce,McLaren,30-08-1937,New Zealander
361,courage,Piers,Courage,27-05-1942,British
362,klerk,Peter,de Klerk,16-03-1935,South African
363,giunti,Ignazio,Giunti,30-08-1941,Italian
364,gurney,Dan,Gurney,13-04-1931,American
365,hahne,Hubert,Hahne,28-03-1935,German
366,hutchison,Gus,Hutchison,26-04-1937,American
367,westbury,Peter,Westbury,26-05-1938,British
368,tingle,Sam,Tingle,24-08-1921,Rhodesian
369,rooyen,Basil,van Rooyen,19-04-1939,South African
370,attwood,Richard,Attwood,04-04-1940,British
371,pease,Al,Pease,15-10-1921,Canadian
372,cordts,John,Cordts,23-07-1935,Canadian
373,clark,Jim,Clark,04-03-1936,British
374,spence,Mike,Spence,30-12-1936,British
375,scarfiotti,Ludovico,Scarfiotti,18-10-1933,Italian
376,bianchi,Lucien,Bianchi,10-11-1934,Belgian
377,jo_schlesser,Jo,Schlesser,18-05-1928,French
378,widdows,Robin,Widdows,27-05-1942,British
379,ahrens,Kurt,Ahrens,19-04-1940,German
380,gardner,Frank,Gardner,01-10-1930,Australian
381,unser,Bobby,Unser,20-02-1934,American
382,solana,Moises,Solana,26-12-1935,Mexican
383,anderson,Bob,Anderson,19-05-1931,British
384,botha,Luki,Botha,16-01-1930,South African
385,bandini,Lorenzo,Bandini,21-12-1935,Italian
386,ginther,Richie,Ginther,05-08-1930,American
387,parkes,Mike,Parkes,24-09-1931,British
388,irwin,Chris,Irwin,27-06-1942,British
389,ligier,Guy,Ligier,12-07-1930,French
390,rees,Alan,Rees,12-01-1938,British
391,hart,Brian,Hart,07-09-1936,British
392,fisher,Mike,Fisher,13-03-1943,American
393,tom_jones,Tom,Jones,26-04-1943,American
394,baghetti,Giancarlo,Baghetti,25-12-1934,Italian
395,williams,Jonathan,Williams,26-10-1942,British
396,bondurant,Bob,Bondurant,27-04-1933,American
397,arundell,Peter,Arundell,08-11-1933,British
398,vic_wilson,Vic,Wilson,14-04-1931,British
399,taylor,John,Taylor,23-03-1933,British
400,lawrence,Chris,Lawrence,27-07-1933,British
401,trevor_taylor,Trevor,Taylor,26-12-1936,British
402,geki,Giacomo,Russo,23-10-1937,Italian
403,phil_hill,Phil,Hill,20-04-1927,American
404,ireland,Innes,Ireland,12-06-1930,British
405,bucknum,Ronnie,Bucknum,05-04-1936,American
406,hawkins,Paul,Hawkins,12-10-1937,Australian
407,prophet,David,Prophet,09-10-1937,British
408,maggs,Tony,Maggs,09-02-1937,South African
409,blokdyk,Trevor,Blokdyk,30-11-1935,South African
410,lederle,Neville,Lederle,25-09-1938,South African
411,serrurier,Doug,Serrurier,09-12-1920,South African
412,niemann,Brausch,Niemann,07-01-1939,South African
413,pieterse,Ernie,Pieterse,04-07-1938,South African
414,puzey,Clive,Puzey,11-07-1941,Rhodesian
415,reed,Ray,Reed,30-04-1932,South African
416,clapham,David,Clapham,18-05-1931,South African
417,blignaut,Alex,Blignaut,30-11-1932,South African
418,gregory,Masten,Gregory,29-02-1932,American
419,rhodes,John,Rhodes,18-08-1927,British
420,raby,Ian,Raby,22-09-1921,British
421,rollinson,Alan,Rollinson,15-05-1943,British
422,gubby,Brian,Gubby,17-04-1934,British
423,mitter,Gerhard,Mitter,30-08-1935,German
424,bussinello,Roberto,Bussinello,04-10-1927,Italian
425,vaccarella,Nino,Vaccarella,04-03-1933,Italian
426,bassi,Giorgio,Bassi,20-01-1934,Italian
427,trintignant,Maurice,Trintignant,30-10-1917,French
428,collomb,Bernard,Collomb,07-10-1930,French
429,andre_pilette,Andre,Pilette,06-10-1918,Belgian
430,beaufort,Carel Godin,de Beaufort,10-04-1934,Dutch
431,barth,Edgar,Barth,26-01-1917,German
432,cabral,Mario de araujo,Cabral,15-01-1934,Portuguese
433,hansgen,Walt,Hansgen,28-10-1919,American
434,sharp,Hap,Sharp,01-01-1928,American
435,mairesse,Willy,Mairesse,01-10-1928,Belgian
436,campbell-jones,John,Campbell-Jones,21-01-1930,British
437,burgess,Ian,Burgess,06-07-1930,British
438,settember,Tony,Settember,10-07-1926,American
439,estefano,Nasif,Estefano,18-11-1932,Argentine
440,hall,Jim,Hall,23-07-1935,American
441,parnell,Tim,Parnell,25-06-1932,British
442,kuhnke,Kurt,Kuhnke,30-04-1910,German
443,ernesto_brambilla,Ernesto,Brambilla,31-01-1934,Italian
444,lippi,Roberto,Lippi,17-10-1926,Italian
445,seiffert,Gunther,Seiffert,18-10-1937,German
446,abate,Carlo,Abate,10-07-1932,Italian
447,starrabba,Gaetano,Starrabba,03-12-1932,Italian
448,broeker,Peter,Broeker,15-05-1926,Canadian
449,ward,Rodger,Ward,10-01-1921,American
450,vos,Ernie,de Vos,01-07-1941,Dutch
451,dochnal,Frank,Dochnal,08-10-1920,American
452,monarch,Thomas,Monarch,03-09-1945,American
842,gasly,Pierre,Gasly,07-02-1996,French
453,lewis,Jackie,Lewis,01-11-1936,British
454,ricardo_rodriguez,Ricardo,Rodríguez,14-02-1942,Mexican
455,seidel,Wolfgang,Seidel,04-07-1926,German
456,salvadori,Roy,Salvadori,12-05-1922,British
457,pon,Ben,Pon,09-12-1936,Dutch
458,slotemaker,Rob,Slotemaker,13-06-1929,Dutch
459,marsh,Tony,Marsh,20-07-1931,British
460,ashmore,Gerry,Ashmore,25-07-1936,British
461,schiller,Heinz,Schiller,25-01-1930,Swiss
462,davis,Colin,Davis,29-07-1933,British
463,chamberlain,Jay,Chamberlain,29-12-1925,American
464,shelly,Tony,Shelly,02-02-1937,New Zealander
465,greene,Keith,Greene,05-01-1938,British
466,walter,Heini,Walter,28-07-1927,Swiss
467,prinoth,Ernesto,Prinoth,15-04-1923,Italian
468,penske,Roger,Penske,20-02-1937,American
469,schroeder,Rob,Schroeder,11-05-1926,British
470,mayer,Timmy,Mayer,22-02-1938,American
471,johnstone,Bruce,Johnstone,30-01-1937,South African
472,harris,Mike,Harris,25-05-1939,South African
473,hocking,Gary,Hocking,30-09-1937,Rhodesian
474,vyver,Syd,van der Vyver,01-06-1920,South African
475,moss,Stirling,Moss,17-09-1929,British
476,trips,Wolfgang,von Trips,04-05-1928,German
477,allison,Cliff,Allison,08-02-1932,British
478,herrmann,Hans,Herrmann,23-02-1928,German
479,brooks,Tony,Brooks,25-02-1932,British
480,may,Michael,May,18-08-1934,Swiss
481,henry_taylor,Henry,Taylor,16-12-1932,British
482,gendebien,Olivier,Gendebien,12-01-1924,Belgian
483,scarlatti,Giorgio,Scarlatti,02-10-1921,Italian
484,naylor,Brian,Naylor,24-03-1923,British
485,bordeu,Juan Manuel,Bordeu,28-01-1934,Argentine
486,fairman,Jack,Fairman,15-03-1913,British
487,natili,Massimo,Natili,28-07-1935,Italian
488,monteverdi,Peter,Monteverdi,07-06-1934,Swiss
489,pirocchi,Renato,Pirocchi,26-03-1933,Italian
490,duke,Geoff,Duke,29-03-1923,British
491,thiele,Alfonso,Thiele,05-04-1920,American-Italian
492,boffa,Menato,Boffa,04-01-1930,Italian
493,ryan,Peter,Ryan,10-06-1940,Canadian
494,ruby,Lloyd,Ruby,12-01-1928,American
495,ken_miles,Ken,Miles,01-11-1918,British
496,menditeguy,Carlos,Menditeguy,10-08-1914,Argentine
497,larreta,Alberto Rodriguez,Larreta,14-01-1934,Argentine
498,gonzalez,Jose Froilan,Gonzalez,05-10-1922,Argentine
499,bonomi,Roberto,Bonomi,30-09-1919,Argentine
500,munaron,Gino,Munaron,02-04-1928,Italian
501,schell,Harry,Schell,29-06-1921,American
502,stacey,Alan,Stacey,29-08-1933,British
503,chimeri,Ettore,Chimeri,04-06-1921,Venezuelan
504,creus,Antonio,Creus,28-10-1924,Spanish
505,bristow,Chris,Bristow,02-12-1937,British
506,halford,Bruce,Halford,18-05-1931,British
507,daigh,Chuck,Daigh,29-11-1923,American
508,reventlow,Lance,Reventlow,24-02-1936,American
509,rathmann,Jim,Rathmann,16-07-1928,American
510,goldsmith,Paul,Goldsmith,02-10-1925,American
511,branson,Don,Branson,02-06-1920,American
512,thomson,Johnny,Thomson,09-04-1922,American
513,johnson,Eddie,Johnson,10-02-1919,American
514,veith,Bob,Veith,01-11-1926,American
515,tingelstad,Bud,Tingelstad,04-04-1928,American
516,christie,Bob,Christie,04-04-1924,American
517,amick,Red,Amick,19-01-1929,American
518,darter,Duane,Carter,05-05-1913,American
519,homeier,Bill,Homeier,31-08-1918,American
520,hartley,Gene,Hartley,28-01-1926,American
521,stevenson,Chuck,Stevenson,15-10-1919,American
522,grim,Bobby,Grim,04-09-1924,American
523,templeman,Shorty,Templeman,12-08-1919,American
524,hurtubise,Jim,Hurtubise,05-12-1932,American
525,bryan,Jimmy,Bryan,28-01-1926,American
526,ruttman,Troy,Ruttman,11-03-1930,American
527,sachs,Eddie,Sachs,28-05-1927,American
528,freeland,Don,Freeland,25-03-1925,American
529,bettenhausen,Tony,Bettenhausen,12-09-1916,American
530,weiler,Wayne,Weiler,09-12-1934,American
531,foyt,Anthony,Foyt,16-01-1935,American
532,russo,Eddie,Russo,19-11-1925,American
533,boyd,Johnny,Boyd,19-08-1926,American
534,force,Gene,Force,15-06-1916,American
535,mcwithey,Jim,McWithey,04-07-1927,American
536,sutton,Len,Sutton,09-08-1925,American
537,dick_rathmann,Dick,Rathmann,06-01-1924,American
538,herman,Al,Herman,15-03-1927,American
539,dempsey_wilson,Dempsey,Wilson,11-03-1927,American
540,mike_taylor,Mike,Taylor,24-04-1934,British
541,flockhart,Ron,Flockhart,16-06-1923,British
542,piper,David,Piper,02-12-1930,British
543,cabianca,Giulio,Cabianca,19-02-1923,Italian
544,drogo,Piero,Drogo,08-08-1926,Italian
545,gamble,Fred,Gamble,17-03-1932,American
546,owen,Arthur,Owen,23-03-1915,British
547,gould,Horace,Gould,20-09-1918,British
548,drake,Bob,Drake,14-12-1919,American
549,bueb,Ivor,Bueb,06-06-1923,British
550,Changy,Alain,de Changy,05-02-1922,Belgian
551,filippis,Maria,de Filippis,11-11-1926,Italian
552,lucienbonnet,Jean,Lucienbonnet,07-01-1923,French
553,testut,Andre,Testut,13-04-1926,Monegasque
554,behra,Jean,Behra,16-02-1921,French
555,paul_russo,Paul,Russo,10-04-1914,American
556,daywalt,Jimmy,Daywalt,28-08-1924,American
557,arnold,Chuck,Arnold,30-05-1926,American
558,keller,Al,Keller,11-04-1920,American
559,flaherty,Pat,Flaherty,06-01-1926,American
560,cheesbourg,Bill,Cheesbourg,12-06-1927,American
561,ray_crawford,Ray,Crawford,26-10-1915,American
562,turner,Jack,Turner,12-02-1920,American
563,weyant,Chuck,Weyant,03-04-1923,American
564,larson,Jud,Larson,21-01-1923,American
565,magill,Mike,Magill,08-02-1920,American
566,shelby,Carroll,Shelby,11-01-1923,American
567,orey,Fritz,d'Orey,25-03-1938,Brazilian
568,fontes,Azdrubal,Fontes,26-12-1922,Uruguayan
569,ashdown,Peter,Ashdown,16-10-1934,British
570,bill_moss,Bill,Moss,04-09-1933,British
571,dennis_taylor,Dennis,Taylor,12-06-1921,British
572,blanchard,Harry,Blanchard,13-06-1929,American
573,tomaso,Alessandro,de Tomaso,10-07-1928,Argentine-Italian
574,constantine,George,Constantine,22-02-1918,American
575,said,Bob,Said,05-05-1932,American
576,cade,Phil,Cade,12-06-1916,American
577,musso,Luigi,Musso,28-07-1924,Italian
578,hawthorn,Mike,Hawthorn,10-04-1929,British
579,fangio,Juan,Fangio,24-06-1911,Argentine
580,godia,Paco,Godia,21-03-1921,Spanish
581,collins,Peter,Collins,06-11-1931,British
582,kavanagh,Ken,Kavanagh,12-12-1923,Australian
583,gerini,Gerino,Gerini,10-08-1928,Italian
584,kessler,Bruce,Kessler,23-03-1936,American
585,emery,Paul,Emery,12-11-1916,British
586,piotti,Luigi,Piotti,27-10-1913,Italian
587,ecclestone,Bernie,Ecclestone,28-10-1930,British
588,taramazzo,Luigi,Taramazzo,05-05-1932,Italian
589,chiron,Louis,Chiron,1899-08-03,Monegasque
590,lewis-evans,Stuart,Lewis-Evans,20-04-1930,British
591,george_amick,George,Amick,24-10-1924,American
592,reece,Jimmy,Reece,17-11-1929,American
593,parsons,Johnnie,Parsons,04-07-1918,American
594,tolan,Johnnie,Tolan,22-10-1917,American
595,garrett,Billy,Garrett,24-04-1933,American
596,elisian,Ed,Elisian,09-12-1926,American
597,connor,Pat,O'Connor,09-10-1928,American
598,jerry_unser,Jerry,Unser,15-11-1932,American
599,bisch,Art,Bisch,10-11-1926,American
600,goethals,Christian,Goethals,04-08-1928,Belgian
601,gibson,Dick,Gibson,16-04-1918,British
602,la_caze,Robert,La Caze,26-02-1917,French
603,guelfi,Andre,Guelfi,06-05-1919,French
604,picard,Francois,Picard,26-04-1921,French
605,bridger,Tom,Bridger,24-06-1934,British
606,portago,Alfonso,de Portago,11-10-1928,Spanish
607,perdisa,Cesare,Perdisa,21-10-1932,Italian
608,castellotti,Eugenio,Castellotti,10-10-1930,Italian
609,simon,Andre,Simon,05-01-1920,French
610,leston,Les,Leston,16-12-1920,British
611,hanks,Sam,Hanks,13-07-1914,American
612,linden,Andy,Linden,05-04-1922,American
613,teague,Marshall,Teague,22-02-1921,American
614,edmunds,Don,Edmunds,23-09-1930,American
615,agabashian,Fred,Agabashian,21-08-1913,American
616,george,Elmer,George,15-07-1928,American
617,macdowel,Mike,MacDowel,13-09-1932,British
618,mackay-fraser,Herbert,MacKay-Fraser,23-06-1927,American
619,gerard,Bob,Gerard,19-01-1914,British
620,maglioli,Umberto,Maglioli,05-06-1928,Italian
621,england,Paul,England,28-03-1929,Australian
622,landi,Chico,Landi,14-07-1907,Brazilian
623,uria,Alberto,Uria,11-07-1924,Uruguayan
624,ramos,Hernando,da Silva Ramos,07-12-1925,Brazilian
625,bayol,Elie,Bayol,28-02-1914,French
626,manzon,Robert,Manzon,12-04-1917,French
627,rosier,Louis,Rosier,05-11-1905,French
628,sweikert,Bob,Sweikert,20-05-1926,American
629,griffith,Cliff,Griffith,06-02-1916,American
630,dinsmore,Duke,Dinsmore,10-04-1913,American
631,andrews,Keith,Andrews,15-06-1920,American
632,frere,Paul,Frene,30-01-1917,Belgian
633,villoresi,Luigi,Villoresi,16-05-1909,Italian
634,scotti,Piero,Scotti,11-11-1909,Italian
635,chapman,Colin,Chapman,19-05-1928,British
636,titterington,Desmond,Titterington,01-05-1928,British
637,scott_Brown,Archie,Scott Brown,13-05-1927,British
638,volonterio,Ottorino,Volonterio,07-12-1917,Swiss
639,milhoux,Andre,Milhoux,09-12-1928,Belgian
640,graffenried,Toulo,de Graffenried,18-05-1914,Swiss
641,taruffi,Piero,Taruffi,12-10-1906,Italian
642,farina,Nino,Farina,30-10-1906,Italian
643,mieres,Roberto,Mieres,03-12-1924,Argentine
644,mantovani,Sergio,Mantovani,22-05-1929,Italian
645,bucci,Clemar,Bucci,04-09-1920,Argentine
646,iglesias,Jesus,Iglesias,22-02-1922,Argentine
647,ascari,Alberto,Ascari,13-07-1918,Italian
648,kling,Karl,Kling,16-09-1910,German
649,birger,Pablo,Birger,07-01-1924,Argentine
650,pollet,Jacques,Pollet,02-07-1922,French
651,macklin,Lance,Macklin,02-09-1919,British
652,whiteaway,Ted,Whiteaway,01-11-1928,British
653,davies,Jimmy,Davies,08-08-1929,American
654,faulkner,Walt,Faulkner,16-02-1920,American
655,niday,Cal,Niday,29-04-1914,American
656,cross,Art,Cross,24-01-1918,American
657,vukovich,Bill,Vukovich,13-12-1918,American
658,mcgrath,Jack,McGrath,08-10-1919,American
659,hoyt,Jerry,Hoyt,29-01-1929,American
660,claes,Johnny,Claes,11-08-1916,Belgian
661,peter_walker,Peter,Walker,07-10-1912,British
662,sparken,Mike,Sparken,16-06-1930,French
663,wharton,Ken,Wharton,21-03-1916,British
664,mcalpine,Kenneth,McAlpine,21-09-1920,British
665,marr,Leslie,Marr,14-08-1922,British
666,rolt,Tony,Rolt,16-10-1918,British
667,fitch,John,Fitch,04-08-1917,American
668,lucas,Jean,Lucas,25-04-1917,French
669,bira,Prince,Bira,15-07-1914,Thai
670,marimon,Onofre,Marimon,19-12-1923,Argentine
671,loyer,Roger,Loyer,05-08-1907,French
672,daponte,Jorge,Daponte,05-06-1923,Argentine
673,nazaruk,Mike,Nazaruk,02-10-1921,American
674,crockett,Larry,Crockett,23-10-1926,American
675,ayulo,Manny,Ayulo,20-10-1921,American
676,armi,Frank,Armi,12-10-1918,American
677,webb,Travis,Webb,08-10-1910,American
678,duncan,Len,Duncan,25-07-1911,American
679,mccoy,Ernie,McCoy,19-02-1921,American
680,swaters,Jacques,Swaters,30-10-1926,American
681,georges_berger,Georges,Berger,14-09-1918,Belgian
682,beauman,Don,Beauman,26-07-1928,British
683,thorne,Leslie,Thorne,23-06-1916,British
684,whitehouse,Bill,Whitehouse,01-04-1909,British
685,riseley_prichard,John,Riseley-Prichard,17-01-1924,British
686,reg_parnell,Reg,Parnell,02-07-1911,British
687,whitehead,Peter,Whitehead,12-11-1914,British
688,brandon,Eric,Brandon,18-07-1920,British
689,alan_brown,Alan,Brown,20-11-1919,British
690,nuckey,Rodney,Nuckey,26-06-1929,British
691,lang,Hermann,Lang,06-04-1909,German
692,helfrich,Theo,Helfrich,13-05-1913,German
693,wacker,Fred,Wacker,10-07-1918,American
694,riu,Giovanni,de Riu,10-03-1925,Italian
695,galvez,Oscar,Gálvez,17-08-1913,Argentine
696,john_barber,John,Barber,22-07-1929,British
697,bonetto,Felice,Bonetto,09-06-1903,Italian
698,cruz,Adolfo,Cruz,28-06-1923,Argentine
699,nalon,Duke,Nalon,02-03-1913,American
700,scarborough,Carl,Scarborough,03-07-1914,American
701,holland,Bill,Holland,18-12-1907,American
702,bob_scott,Bob,Scott,04-10-1928,American
703,legat,Arthur,Legat,1898-11-01,Belgian
704,cabantous,Yves,Cabantous,08-10-1904,French
705,crook,Tony,Crook,16-02-1920,British
706,jimmy_stewart,Jimmy,Stewart,06-03-1931,British
707,ian_stewart,Ian,Stewart,15-07-1929,British
708,duncan_hamilton,Duncan,Hamilton,30-04-1920,British
709,klodwig,Ernst,Klodwig,23-05-1903,East German
710,krause,Rudolf,Krause,30-03-1907,East German
711,karch,Oswald,Karch,06-03-1917,German
712,heeks,Willi,Heeks,13-02-1922,German
713,fitzau,Theo,Fitzau,10-02-1923,East German
714,adolff,Kurt,Adolff,05-11-1921,German
715,bechem,Gunther,Bechem,21-12-1921,German
716,bauer,Erwin,Bauer,17-07-1912,German
717,hans_stuck,Hans,von Stuck,27-12-1900,German
718,loof,Ernst,Loof,04-07-1907,German
719,scherrer,Albert,Scherrer,28-02-1908,Swiss
720,terra,Max,de Terra,06-10-1918,Swiss
721,hirt,Peter,Hirt,30-03-1910,Swiss
722,carini,Piero,Carini,06-03-1921,Italian
723,fischer,Rudi,Fischer,19-04-1912,Swiss
724,ulmen,Toni,Ulmen,25-01-1906,German
725,abecassis,George,Abecassis,21-03-1913,British
726,george_connor,George,Connor,16-08-1906,American
727,rigsby,Jim,Rigsby,06-06-1923,American
728,james,Joe,James,23-05-1925,American
729,schindler,Bill,Schindler,06-03-1909,American
730,fonder,George,Fonder,22-06-1917,American
731,banks,Henry,Banks,14-06-1913,American
732,mcdowell,Johnny,McDowell,29-01-1915,American
733,miller,Chet,Miller,19-07-1902,American
734,ball,Bobby,Ball,26-08-1925,American
735,tornaco,Charles,de Tornaco,07-06-1927,Belgian
736,laurent,Roger,Laurent,21-02-1913,Belgian
737,obrien,Robert,O'Brien,11-04-1908,American
738,gaze,Tony,Gaze,03-02-1920,Australian
739,charrington,Robin,Montgomerie-Charrington,23-06-1915,British
740,comotti,Franco,Comotti,24-07-1906,Italian
741,etancelin,Philippe,Estancelin,1896-12-28,French
742,poore,Dennis,Poore,19-08-1916,British
743,thompson,Eric,Thompson,04-11-1919,British
744,downing,Ken,Downing,05-12-1917,British
745,graham_whitehead,Graham,Whitehead,15-04-1922,British
746,bianco,Gino,Bianco,22-07-1916,Brazilian
747,murray,David,Murray,28-12-1909,British
748,cantoni,Eitel,Cantoni,04-10-1906,Uruguayan
749,aston,Bill,Aston,29-03-1900,British
750,brudes,Adolf,Brudes,1899-10-15,German
751,riess,Fritz,Riess,11-07-1922,German
752,niedermayr,Helmut,Niedermayr,29-11-1915,German
753,klenk,Hans,Klenk,28-10-1919,German
754,balsa,Marcel,Balsa,01-01-1909,French
755,schoeller,Rudolf,Schoeller,27-04-1902,Swiss
756,pietsch,Paul,Pietsch,20-06-1911,German
757,peters,Josef,Peters,16-09-1914,German
758,lof,Dries,van der Lof,23-08-1919,Dutch
759,flinterman,Jan,Flinterman,02-10-1919,Dutch
760,dusio,Piero,Dusio,1899-10-13,Italian
761,crespo,Alberto,Crespo,16-01-1920,Argentine
762,rol,Franco,Rol,05-06-1908,Italian
763,sanesi,Consalvo,Sanesi,28-03-1911,Italian
764,guy_mairesse,Guy,Mairesse,10-08-1910,French
765,louveau,Henri,Louveau,25-01-1910,French
766,wallard,Lee,Wallard,07-09-1910,American
767,forberg,Carl,Forberg,04-03-1911,American
768,rose,Mauri,Rose,26-05-1906,American
769,mackey,Bill,Mackey,15-12-1927,American
770,green,Cecil,Green,30-09-1919,American
771,walt_brown,Walt,Brown,30-12-1911,American
772,hellings,Mack,Hellings,14-09-1915,American
773,levegh,Pierre,Levegh,22-12-1905,French
774,chaboud,Eugene,Chaboud,12-04-1907,French
775,gordini,Aldo,Gordini,20-05-1921,French
776,kelly,Joe,Kelly,13-03-1913,Irish
777,parker,Philip,Fotheringham-Parker,22-09-1907,British
778,shawe_taylor,Brian,Shawe Taylor,28-01-1915,British
779,john_james,John,James,10-05-1914,British
780,branca,Toni,Branca,15-09-1916,Swiss
781,richardson,Ken,Richardson,21-08-1911,British
782,jover,Juan,Jover,23-11-1903,Spanish
783,grignard,Georges,Grignard,25-07-1905,French
784,hampshire,David,Hampshire,29-12-1917,British
785,crossley,Geoff,Crossley,11-05-1921,British
786,fagioli,Luigi,Fagioli,1898-06-09,Italian
787,harrison,Cuth,Harrison,06-07-1906,British
788,fry,Joe,Fry,26-10-1915,British
789,martin,Eugene,Martin,24-03-1915,French
790,leslie_johnson,Leslie,Johnson,22-03-1912,British
791,biondetti,Clemente,Biondetti,1898-08-18,Italian
792,pian,Alfredo,Pián,21-10-1912,Argentine
793,sommer,Raymond,Sommer,31-08-1906,French
794,chitwood,Joie,Chitwood,14-04-1912,American
795,fohr,Myron,Fohr,17-06-1912,American
796,ader,Walt,Ader,15-12-1913,American
797,holmes,Jackie,Holmes,04-09-1920,American
798,levrett,Bayliss,Levrett,14-02-1914,American
799,jackson,Jimmy,Jackson,25-07-1910,American
800,pagani,Nello,Pagani,11-10-1911,Italian
801,pozzi,Charles,Pozzi,27-08-1909,French
802,serafini,Dorino,Serafini,22-07-1909,Italian
803,cantrell,Bill,Cantrell,31-01-1908,American
804,mantz,Johnny,Mantz,18-09-1918,American
805,kladis,Danny,Kladis,10-02-1917,American
806,oscar_gonzalez,Oscar,Gonzalez,10-11-1923,Uruguayan
807,hulkenberg,Nico,Hulkenberg,19-08-1987,German
808,petrov,Vitaly,Petrov,08-09-1984,Russian
810,grassi,Lucas,di Grassi,11-08-1984,Brazilian
811,bruno_senna,Bruno,Senna,15-10-1983,Brazilian
812,chandhok,Karun,Chandhok,19-01-1984,Indian
813,maldonado,Pastor,Maldonado,09-03-1985,Venezuelan
814,resta,Paul,di Resta,16-04-1986,British
815,perez,Sergio,Perez,26-01-1990,Mexican
816,ambrosio,Jerome,d'Ambrosio,27-12-1985,Belgian
817,ricciardo,Daniel,Ricciardo,01-07-1989,Australian
818,vergne,Jean-Eric,Vergne,25-04-1990,French
819,pic,Charles,Pic,15-02-1990,French
820,chilton,Max,Chilton,21-04-1991,British
821,gutierrez,Esteban,Gutierrez,05-08-1991,Mexican
822,bottas,Valtteri,Bottas,28-08-1989,Finnish
823,garde,Giedo,van der Garde,25-04-1985,Dutch
824,jules_bianchi,Jules,Bianchi,03-08-1989,French
825,kevin_magnussen,Kevin,Magnussen,05-10-1992,Danish
826,kvyat,Daniil,Kvyat,26-04-1994,Russian
827,lotterer,Andre,Lotterer,19-11-1981,German
828,ericsson,Marcus,Ericsson,02-09-1990,Swedish
829,stevens,Will,Stevens,28-06-1991,British
830,max_verstappen,Max,Verstappen,30-09-1997,Dutch
831,nasr,Felipe,Nasr,21-08-1992,Brazilian
832,sainz,Carlos,Sainz,01-09-1994,Spanish
833,merhi,Roberto,Merhi,22-03-1991,Spanish
834,rossi,Alexander,Rossi,25-09-1991,American
835,jolyon_palmer,Jolyon,Palmer,20-01-1991,British
836,wehrlein,Pascal,Wehrlein,18-10-1994,German
837,haryanto,Rio,Haryanto,22-01-1993,Indonesian
838,vandoorne,Stoffel,Vandoorne,26-03-1992,Belgian
839,ocon,Esteban,Ocon,17-09-1996,French
840,stroll,Lance,Stroll,29-10-1998,Canadian
841,giovinazzi,Antonio,Giovinazzi,14-12-1993,Italian
843,brendon_hartley,Brendon,Hartley,10-11-1989,New Zealander
844,leclerc,Charles,Leclerc,16-10-1997,Monegasque
845,sirotkin,Sergey,Sirotkin,27-08-1995,Russian
846,norris,Lando,Norris,13-11-1999,British
847,russell,George,Russell,15-02-1998,British
848,albon,Alexander,Albon,23-03-1996,Thai
849,latifi,Nicholas,Latifi,29-06-1995,Canadian
850,pietro_fittipaldi,Pietro,Fittipaldi,25-06-1996,Brazilian
851,aitken,Jack,Aitken,23-09-1995,British
852,tsunoda,Yuki,Tsunoda,11-05-2000,Japanese
853,mazepin,Nikita,Mazepin,02-03-1999,Russian
854,mick_schumacher,Mick,Schumacher,22-03-1999,German
855,zhou,Guanyu,Zhou,30-05-1999,Chinese
856,de_vries,Nyck,de Vries,06-02-1995,Dutch
857,piastri,Oscar,Piastri,06-04-2001,Australian
858,sargeant,Logan,Sargeant,31-12-2000,American
